Robert Island,Thu Nov 19 15:34:34 2020
Ray M. Gidney,Thu Nov 19 15:34:35 2020
Ramella,Thu Nov 19 15:34:46 2020
Receptaculites,Thu Nov 19 15:35:13 2020
Romania at the Olympics,Thu Nov 19 15:35:20 2020
Rainer-Marc Frey,Thu Nov 19 15:35:26 2020
Robert Ugrina,Thu Nov 19 15:35:38 2020
Richard J. Dorer Memorial Hardwood State Forest,Thu Nov 19 15:36:17 2020
RAGE (gene),Thu Nov 19 15:36:23 2020
Robert Loewy,Thu Nov 19 15:36:33 2020
"Rais Kola, Savadkuh",Thu Nov 19 15:36:51 2020
Riemannian submanifold,Thu Nov 19 15:37:10 2020
Ridgewood Country Club,Thu Nov 19 15:37:16 2020
Radio Waves (Bob & Tom album),Thu Nov 19 15:37:16 2020
Roberto Curilovic,Thu Nov 19 15:37:29 2020
Revenue,Thu Nov 19 15:37:44 2020
Rennmax,Thu Nov 19 15:37:45 2020
Refuge (United Kingdom charity),Thu Nov 19 15:37:54 2020
"Rice Fork Summer Homes, California",Thu Nov 19 15:38:01 2020
Rasova (Jale»ô),Thu Nov 19 16:06:33 2020
Roadstarr Motorsport,Thu Nov 19 16:06:45 2020
Robin Hood (DC Comics),Thu Nov 19 16:06:54 2020
Ramesh Mendola,Thu Nov 19 16:06:58 2020
RAF Grimsby,Thu Nov 19 16:07:10 2020
Rudolf Virchow,Thu Nov 19 16:07:15 2020
Reputational risk,Thu Nov 19 16:07:28 2020
Roann Covered Bridge,Thu Nov 19 16:07:30 2020
R. J. Stove,Thu Nov 19 16:08:16 2020
Rental harmony,Thu Nov 19 16:08:51 2020
Robert Tresilian,Thu Nov 19 16:08:55 2020
Right Now! (magazine),Thu Nov 19 16:09:04 2020
Radiative forcing,Thu Nov 19 16:09:21 2020
"Rashan, Kosovo",Thu Nov 19 16:09:39 2020
Recoilless rifle,Thu Nov 19 16:09:43 2020
Rock Creek (Medicine Bow River tributary),Thu Nov 19 16:09:49 2020
Roosisaare,Thu Nov 19 16:10:13 2020
Rock mass plasticity,Thu Nov 19 16:10:19 2020
Rapid River (Alaska-Yukon),Thu Nov 19 16:10:30 2020
Rowing at the 2019 African Games,Thu Nov 19 16:10:54 2020
Rhinoprora,Thu Nov 19 16:11:09 2020
Reading Old Cemetery,Thu Nov 19 16:11:15 2020
Richard E. Ladner,Thu Nov 19 16:11:18 2020
RMIT School of Management,Thu Nov 19 16:11:35 2020
R W B Stephens Medal,Thu Nov 19 16:11:39 2020
Royal Canadian Artillery Museum,Thu Nov 19 16:12:00 2020
Ramsar Palace,Thu Nov 19 16:12:26 2020
